<?xml version="1.0" encoding="UTF-8"?>
<project-private xmlns="http://www.netbeans.org/ns/project-private/1">
    <editor-bookmarks xmlns="http://www.netbeans.org/ns/editor-bookmarks/2" lastBookmarkId="1">
        <file>
            <url>src/studentmanagement/DatabaseHelper.java</url>
            <bookmark id="1">
                <name/>
                <line>8</line>
                <key/>
            </bookmark>
        </file>
    </editor-bookmarks>
    <open-files xmlns="http://www.netbeans.org/ns/projectui-open-files/2">
        <group>
            <file>file:/D:/Netbean_Project/StudentManagement/src/studentmanagement/JFrStudent.java</file>
            <file>file:/D:/Netbean_Project/StudentManagement/src/studentmanagement/StudentArray.java</file>
            <file>file:/D:/Netbean_Project/StudentManagement/src/studentmanagement/JFrImport.java</file>
        </group>
    </open-files>
</project-private>
